{
    "Application Mode": 1,
    "Camera Distance": 1.693750023841858,
    "Camera Fixpoint": [
        0.5832032561302185,
        0.8142814636230469,
        0.18567346036434174
    ],
    "Camera Move Speed": 2.0,
    "Camera Pitch": 9.84375,
    "Camera Scroll Speed": 0.10000000149011612,
    "Camera Turn Speed": 0.25,
    "Camera Up": [
        0.0,
        1.0,
        0.0
    ],
    "Camera Yaw": 639.84375,
    "Frame Time: %.4f ms": 5.0,
    "Inter-Particle Gravity": 7.561999797821045,
    "Menu": 0,
    "Mouse Influence Radius": 0.6620000004768372,
    "Mouse Influence Strength": 10.0,
    "Particle Count": 38017,
    "Particle Damping": 1.0,
    "Particle Damping Border": 0.6940000057220459,
    "Particle Density Coefficient": 1.0,
    "Particle Force Brightness": 46.78099822998047,
    "Particle Gravity": 1.0329999923706055,
    "Particle Render Brightness": 0.210999995470047,
    "Particle Render Size": 0.3190000057220459,
    "Particle Seed": 39,
    "Particle Size": 0.18199999630451202,
    "Particle Target Density": 1.0,
    "Particle Velocity Brightness": 37.189998626708984,
    "Particle pressure force coefficient": 0.07599999755620956,
    "Particle viscosity force coefficient": 0.16500000655651093,
    "Simulation Steps Per Frame": 4,
    "Simulation Time Scale": 1.7359999418258667,
    "Sliding Average Coefficient": 1.0
}
