{
    "Inter-Particle Gravity": 7.561999797821045,
    "Mouse Influence Radius": 0.6620000004768372,
    "Mouse Influence Strength": 10.0,
    "Particle Count": 38017,
    "Particle Damping": 1.0,
    "Particle Damping Border": 0.6940000057220459,
    "Particle Density Coefficient": 1.0,
    "Particle Force Brightness": 46.78099822998047,
    "Particle Gravity": 1.0329999923706055,
    "Particle Render Brightness": 0.210999995470047,
    "Particle Render Size": 0.3190000057220459,
    "Particle Seed": 39,
    "Particle Size": 0.18199999630451202,
    "Particle Target Density": 1.0,
    "Particle Velocity Brightness": 37.189998626708984,
    "Particle pressure force coefficient": 0.07599999755620956,
    "Particle viscosity force coefficient": 0.16500000655651093,
    "Simulation Steps Per Frame": 4
}
